{
    "meter": {
        "discretized": "dfdebempipolkjjjjlllmnhfglgddghhiihffipoopccdddmpabbiibbckmllkkjjklnmnoinolbfhhiihhgdbppnnhcfgglbeokdfnoddiljjjkjkllllgffggffghhhhhgcbcnojeeffcomjbaippjecmkkkkkkklllopcdggggfghhhgggeonngdfddjmeaaajmonjenlkkkkkllpopjaeffcdfghhhhfccddciibbbaipmbcbeaiaemnnnommmnneaabddcbcceaaaaaaiponccmpiaenkfdompaempaempponebajonocomjeceaaajpoiiipmej",
        "surprises": [
            [],
            []
        ],
        "feature_length": 4,
        "surprising_windows": [
            [
                1.7744659998270444,
                157
            ],
            [
                1.7744659998270444,
                204
            ]
        ],
        "alpha_size": 16,
        "window_length": 8,
        "startdate": "2014-04-11 23:30:00",
        "scores": [
            1.0,
            1.0,
            1.0,
            1.0,
            1.0,
            1.0,
            0.9999999999999999,
            0.9999999938903609,
            0.9999998114948359,
            0.9906027499927935,
            0.9530137499639676,
            0.9154247499351417,
            0.9342192499495546,
            0.9530137499639676,
            0.9530137499639676,
            0.9718082499783806,
            0.9999999736551395,
            0.9999999999999999,
            0.9999999999999999,
            1.0,
            1.0,
            1.0,
            0.9999999999999987,
            0.9999999999999998,
            0.9999999999999998,
            0.9999999999999766,
            0.9999999999998261,
            0.9999999999984985,
            0.999999956113916,
            0.981205499985587,
            0.9906027499927935,
            0.9999999999839454,
            0.9999999999998628,
            0.9999999999999855,
            0.9999999999999676,
            0.9999999999999387,
            1.0,
            1.0,
            1.0,
            1.0,
            1.0,
            0.9999999999999502,
            1.0,
            1.0,
            1.0,
            1.0,
            1.0,
            1.0,
            0.9999999999991133,
            0.9999999999983762,
            0.9999991756798239,
            0.9999999997002892,
            0.9999999999991832,
            0.9999999999994046,
            0.9999999999971829,
            0.9999999999953022,
            0.9999999999470062,
            0.9999341929271204,
            0.981205499985587,
            0.9436164999567611,
            0.8778357499063157,
            0.9999619159067591,
            0.999996404796497,
            0.9999999820195765,
            0.9999999993502515,
            0.9999999997149605,
            1.0,
            0.9999999999999999,
            0.9999999999999999,
            1.0,
            1.0,
            1.0,
            1.0,
            1.0,
            0.9999999999999704,
            0.9999999795841295,
            0.9999787712725741,
            0.9999433900601975,
            0.9999999501721478,
            0.9999999932492878,
            0.999999999655046,
            0.9906027499927935,
            0.9999999999998153,
            0.999999999999744,
            0.9999999999995519,
            1.0,
            1.0,
            1.0,
            1.0,
            1.0,
            1.0,
            1.0,
            1.0,
            1.0,
            1.0,
            1.0,
            1.0,
            1.0,
            1.0,
            1.0,
            1.0,
            1.0,
            1.0,
            0.9999999999999997,
            0.9999999999999613,
            0.9999999999981817,
            0.9999997878069733,
            0.9999978965213003,
            0.9999397612179025,
            0.999959840811935,
            0.9906027499927935,
            0.9718082499783806,
            0.9999811866866722,
            0.9999999999099584,
            0.9999999999662188,
            0.9999999999810094,
            0.9999999999886161,
            0.9999999992112686,
            0.9999999388343226,
            0.9999998059798406,
            0.9906027499927935,
            0.9999624109999712,
            0.981205499985587,
            0.9060274999279352,
            0.9060274999279352,
            0.8496439998846963,
            0.9999557776470249,
            0.9999991417743507,
            0.9999999713713658,
            0.9999999999999999,
            0.9999999999999999,
            1.0,
            1.0,
            1.0,
            0.9999999999999953,
            0.9999999999998023,
            0.9999999989227749,
            0.9999999972220474,
            0.9999999917015623,
            0.999999999996826,
            0.9999999999999222,
            0.9999999999999961,
            0.9999999999999971,
            0.9999999999999801,
            0.999999999999665,
            0.9999999999927792,
            0.9999999999921259,
            0.9999999999972567,
            0.9999999999998679,
            0.9999999999999987,
            0.9999999999999994,
            0.9999999999999662,
            0.9999819084845846,
            0.9999959697119124,
            0.9906027499927935,
            0.981205499985587,
            0.9060274999279352,
            1.7744659998270444,
            0.7744659998270444,
            0.9999964794032474,
            0.9999993031331104,
            1.0,
            1.0,
            1.0,
            1.0,
            1.0,
            1.0,
            0.9999999866466505,
            0.9999999958480478,
            0.9906027499927935,
            0.9998657535713257,
            0.981205499985587,
            0.9906027499927935,
            0.8590412498919028,
            0.8966302499207287,
            0.9530137499639676,
            0.9999999839179249,
            0.999999992997893,
            0.999999999738395,
            0.9999999999999821,
            0.9999999999999993,
            0.9999999999999993,
            1.0,
            1.0,
            1.0,
            1.0,
            1.0,
            1.0,
            1.0,
            1.0,
            1.0,
            1.0,
            0.9999999999998181,
            0.9999999999992674,
            0.9999999999996829,
            0.9999999999999859,
            0.9999999999999326,
            0.9999999999999999,
            0.9999999999999999,
            0.9999999999999999,
            0.9999999999999994,
            0.9999999999999964,
            0.9342192499495546,
            0.7274797497910122,
            1.7744659998270444,
            0.9906027499927935,
            0.9906027499927935,
            0.9999999999991409,
            0.9999999999999417,
            0.9999999999999895,
            1.0,
            1.0,
            1.0,
            1.0,
            0.9999999999999999,
            0.9999999999988638,
            0.9999999999954491,
            0.9999999999913385,
            0.9999999999533495,
            0.9906027499927935,
            0.9530137499639676,
            0.9906027499927935,
            0.9906027499927935,
            0.9999999999140696,
            0.9999999999776966,
            0.9999999999991923,
            0.9999999999997798,
            1.0,
            0.9999999999999999,
            1.0,
            1.0,
            0.9999999999999999,
            0.999999999999503,
            0.9999999939823853,
            0.9999999959325382,
            0.9999999981152834,
            0.9999999999999999,
            1.0,
            0.9999999999999999,
            1.0,
            1.0,
            1.0,
            0.9999999999999999,
            1.0,
            1.0,
            1.0,
            1.0,
            1.0,
            1.0,
            0.999999999997152,
            0.9999999971193773,
            0.9999999990300991,
            0.9999999993710619,
            0.9999999853447437,
            0.9999999979160846,
            0.9999999999999999,
            0.9999999999999999,
            1.0,
            0.9999999999999999,
            1.0,
            0.9999999999997956,
            0.9999999999993273,
            0.9999999999994057,
